
<project name="PlasticTornado" default="run" basedir=".." >
	<description>
	Music Reactant holds no barre!
	</description> 
	<property name ="LIB" value="release/lib"/>
	<property name ="APPLICATIONS" value="applications"/>
	<property name ="MULTIPLATFORM" value="multiplatform"/>
	<path id="path.multiplatform">
		  <fileset  dir="${LIB}/${APPLICATIONS}" includes="*.jar"/>		  
	  	  <fileset  dir="${LIB}/${MULTIPLATFORM}" includes="*.jar"/>
	</path>
<target name="run">
  <echo message="${LIB}/${APPLICATIONS}/PLASTIC_TORNADO-PTCommons.jar"/>
  <echo message="${LIB}/${MULTIPLATFORM}/PLASTIC_TORNADO-MultiPlatform.jar"/>

<java classname="multiplatform.MultiPlatform" fork="true">	
  <modulepath>
  	<path refid="path.multiplatform"/>     
  </modulepath>
	
  <classpath>
    <path refid="path.multiplatform"/>
   </classpath>   

</java>

</target>

	

</project>