
<project name="PlasticTornado" default="run" basedir="." >
	<description>
	Music Reactant holds no barre!
	</description>
	<property name ="LIB" value="lib"/>
	<property name ="APPLICATIONS" value="applications"/>
	<property name ="MULTIPLATFORM" value="multiplatform"/>
	
<target name="run">
  <echo message="${LIB}/${APPLICATIONS}/PLASTIC_TORNADO-PTCommons.jar"/>

<java classname="multiplatform.MultiPlatform" fork="true">
  <modulepath>
       <pathelement path ="${LIB}/${APPLICATIONS}/PLASTIC_TORNADO-PTCommons.jar"/>
       <pathelement path ="${LIB}/${MULTIPLATFORM}/PLASTIC_TORNADO-MultiPlatform.jar"/>
       
     
  </modulepath>
  <classpath>
    <pathelement path ="${LIB}/${APPLICATIONS}/PLASTIC_TORNADO-PTCommons.jar"/>
    <pathelement path ="${LIB}/${MULTIPLATFORM}/PLASTIC_TORNADO-MultiPlatform.jar"/> 

   

   </classpath>

</java>
</target>

</project>